{
  "hash": "9e411ac6",
  "configHash": "0a213a8f",
  "lockfileHash": "a7e8abfd",
  "browserHash": "d30bc980",
  "optimized": {
    "@angular/core": {
      "src": "../../../../../../node_modules/@angular/core/fesm2022/core.mjs",
      "file": "@angular_core.js",
      "fileHash": "d796499c",
      "needsInterop": false
    },
    "@angular/platform-browser": {
      "src": "../../../../../../node_modules/@angular/platform-browser/fesm2022/platform-browser.mjs",
      "file": "@angular_platform-browser.js",
      "fileHash": "4b40d5c6",
      "needsInterop": false
    },
    "@angular/router": {
      "src": "../../../../../../node_modules/@angular/router/fesm2022/router.mjs",
      "file": "@angular_router.js",
      "fileHash": "4c9b059d",
      "needsInterop": false
    }
  },
  "chunks": {
    "chunk-2CN2KCXO": {
      "file": "chunk-2CN2KCXO.js"
    },
    "chunk-QOKRTG7E": {
      "file": "chunk-QOKRTG7E.js"
    }
  }
}