{
  "hash": "a2050f86",
  "configHash": "4fdd847f",
  "lockfileHash": "1c0d421a",
  "browserHash": "54d1e665",
  "optimized": {
    "@angular/common/http": {
      "src": "../../../../../../node_modules/@angular/common/fesm2022/http.mjs",
      "file": "@angular_common_http.js",
      "fileHash": "64af45f6",
      "needsInterop": false
    },
    "@angular/core": {
      "src": "../../../../../../node_modules/@angular/core/fesm2022/core.mjs",
      "file": "@angular_core.js",
      "fileHash": "6d9792a4",
      "needsInterop": false
    },
    "@angular/platform-browser": {
      "src": "../../../../../../node_modules/@angular/platform-browser/fesm2022/platform-browser.mjs",
      "file": "@angular_platform-browser.js",
      "fileHash": "77b5d8ca",
      "needsInterop": false
    },
    "@angular/platform-server": {
      "src": "../../../../../../node_modules/@angular/platform-server/fesm2022/platform-server.mjs",
      "file": "@angular_platform-server.js",
      "fileHash": "5873d421",
      "needsInterop": false
    },
    "@angular/router": {
      "src": "../../../../../../node_modules/@angular/router/fesm2022/router.mjs",
      "file": "@angular_router.js",
      "fileHash": "65a1c787",
      "needsInterop": false
    },
    "@angular/ssr": {
      "src": "../../../../../../node_modules/@angular/ssr/fesm2022/ssr.mjs",
      "file": "@angular_ssr.js",
      "fileHash": "4ed015c4",
      "needsInterop": false
    },
    "@angular/ssr/node": {
      "src": "../../../../../../node_modules/@angular/ssr/fesm2022/node.mjs",
      "file": "@angular_ssr_node.js",
      "fileHash": "adbbb94e",
      "needsInterop": false
    },
    "express": {
      "src": "../../../../../../node_modules/express/index.js",
      "file": "express.js",
      "fileHash": "eaf65bb4",
      "needsInterop": true
    },
    "@angular/common": {
      "src": "../../../../../../node_modules/@angular/common/fesm2022/common.mjs",
      "file": "@angular_common.js",
      "fileHash": "5fb29fb3",
      "needsInterop": false
    }
  },
  "chunks": {
    "xhr2-TXIMV6CV": {
      "file": "xhr2-TXIMV6CV.js"
    },
    "chunk-RQRREJCW": {
      "file": "chunk-RQRREJCW.js"
    },
    "chunk-EXKDTKYH": {
      "file": "chunk-EXKDTKYH.js"
    },
    "chunk-IBTYHFB4": {
      "file": "chunk-IBTYHFB4.js"
    },
    "chunk-BS5VWWXT": {
      "file": "chunk-BS5VWWXT.js"
    },
    "chunk-MXCYHD5U": {
      "file": "chunk-MXCYHD5U.js"
    },
    "chunk-JAL6QZ4N": {
      "file": "chunk-JAL6QZ4N.js"
    },
    "chunk-NJ6MY3XD": {
      "file": "chunk-NJ6MY3XD.js"
    },
    "chunk-AT4BY72T": {
      "file": "chunk-AT4BY72T.js"
    },
    "chunk-YHCV7DAQ": {
      "file": "chunk-YHCV7DAQ.js"
    }
  }
}