{
  "hash": "832c0db8",
  "configHash": "ff782c63",
  "lockfileHash": "7345f8bc",
  "browserHash": "f4973d91",
  "optimized": {
    "@angular/core": {
      "src": "../../../../../../node_modules/@angular/core/fesm2022/core.mjs",
      "file": "@angular_core.js",
      "fileHash": "192b3919",
      "needsInterop": false
    },
    "@angular/platform-browser": {
      "src": "../../../../../../node_modules/@angular/platform-browser/fesm2022/platform-browser.mjs",
      "file": "@angular_platform-browser.js",
      "fileHash": "6dfd1ee7",
      "needsInterop": false
    },
    "@angular/platform-server": {
      "src": "../../../../../../node_modules/@angular/platform-server/fesm2022/platform-server.mjs",
      "file": "@angular_platform-server.js",
      "fileHash": "29c8ef1c",
      "needsInterop": false
    },
    "@angular/router": {
      "src": "../../../../../../node_modules/@angular/router/fesm2022/router.mjs",
      "file": "@angular_router.js",
      "fileHash": "f8214782",
      "needsInterop": false
    },
    "@angular/ssr": {
      "src": "../../../../../../node_modules/@angular/ssr/fesm2022/ssr.mjs",
      "file": "@angular_ssr.js",
      "fileHash": "bb9112bc",
      "needsInterop": false
    },
    "@angular/ssr/node": {
      "src": "../../../../../../node_modules/@angular/ssr/fesm2022/node.mjs",
      "file": "@angular_ssr_node.js",
      "fileHash": "6c859c7d",
      "needsInterop": false
    },
    "express": {
      "src": "../../../../../../node_modules/express/index.js",
      "file": "express.js",
      "fileHash": "a12b25b9",
      "needsInterop": true
    }
  },
  "chunks": {
    "chunk-PZJQD3DY": {
      "file": "chunk-PZJQD3DY.js"
    },
    "chunk-UPFHAL4C": {
      "file": "chunk-UPFHAL4C.js"
    },
    "chunk-OFL322JG": {
      "file": "chunk-OFL322JG.js"
    },
    "chunk-QSC4MQ44": {
      "file": "chunk-QSC4MQ44.js"
    },
    "chunk-AT4BY72T": {
      "file": "chunk-AT4BY72T.js"
    },
    "xhr2-TXIMV6CV": {
      "file": "xhr2-TXIMV6CV.js"
    },
    "chunk-YHCV7DAQ": {
      "file": "chunk-YHCV7DAQ.js"
    }
  }
}