{
  "hash": "cb4ddc00",
  "configHash": "cce68826",
  "lockfileHash": "7467858a",
  "browserHash": "bd87ae1f",
  "optimized": {
    "@angular/core": {
      "src": "../../../../../../node_modules/@angular/core/fesm2022/core.mjs",
      "file": "@angular_core.js",
      "fileHash": "5ad1025b",
      "needsInterop": false
    },
    "@angular/platform-browser": {
      "src": "../../../../../../node_modules/@angular/platform-browser/fesm2022/platform-browser.mjs",
      "file": "@angular_platform-browser.js",
      "fileHash": "80f7e239",
      "needsInterop": false
    },
    "@angular/router": {
      "src": "../../../../../../node_modules/@angular/router/fesm2022/router.mjs",
      "file": "@angular_router.js",
      "fileHash": "5400f5f0",
      "needsInterop": false
    }
  },
  "chunks": {
    "chunk-2CN2KCXO": {
      "file": "chunk-2CN2KCXO.js"
    },
    "chunk-QOKRTG7E": {
      "file": "chunk-QOKRTG7E.js"
    }
  }
}