{
  "hash": "a02192cf",
  "configHash": "89f98a05",
  "lockfileHash": "7345f8bc",
  "browserHash": "aefbe7c0",
  "optimized": {
    "@angular/core": {
      "src": "../../../../../../node_modules/@angular/core/fesm2022/core.mjs",
      "file": "@angular_core.js",
      "fileHash": "90f61a84",
      "needsInterop": false
    },
    "@angular/platform-browser": {
      "src": "../../../../../../node_modules/@angular/platform-browser/fesm2022/platform-browser.mjs",
      "file": "@angular_platform-browser.js",
      "fileHash": "f22fbad5",
      "needsInterop": false
    },
    "@angular/router": {
      "src": "../../../../../../node_modules/@angular/router/fesm2022/router.mjs",
      "file": "@angular_router.js",
      "fileHash": "01777666",
      "needsInterop": false
    }
  },
  "chunks": {
    "chunk-2CN2KCXO": {
      "file": "chunk-2CN2KCXO.js"
    },
    "chunk-QOKRTG7E": {
      "file": "chunk-QOKRTG7E.js"
    }
  }
}