{
  "hash": "47037771",
  "configHash": "90140df9",
  "lockfileHash": "1c0d421a",
  "browserHash": "e1d1f595",
  "optimized": {
    "@angular/common": {
      "src": "../../../../../../node_modules/@angular/common/fesm2022/common.mjs",
      "file": "@angular_common.js",
      "fileHash": "2a6934ac",
      "needsInterop": false
    },
    "@angular/common/http": {
      "src": "../../../../../../node_modules/@angular/common/fesm2022/http.mjs",
      "file": "@angular_common_http.js",
      "fileHash": "da86fa0f",
      "needsInterop": false
    },
    "@angular/core": {
      "src": "../../../../../../node_modules/@angular/core/fesm2022/core.mjs",
      "file": "@angular_core.js",
      "fileHash": "4b8e3699",
      "needsInterop": false
    },
    "@angular/platform-browser": {
      "src": "../../../../../../node_modules/@angular/platform-browser/fesm2022/platform-browser.mjs",
      "file": "@angular_platform-browser.js",
      "fileHash": "3d7da34c",
      "needsInterop": false
    },
    "@angular/router": {
      "src": "../../../../../../node_modules/@angular/router/fesm2022/router.mjs",
      "file": "@angular_router.js",
      "fileHash": "c3479613",
      "needsInterop": false
    }
  },
  "chunks": {
    "chunk-TXFHNL7E": {
      "file": "chunk-TXFHNL7E.js"
    },
    "chunk-EV7D4KIC": {
      "file": "chunk-EV7D4KIC.js"
    },
    "chunk-TRSI5L5E": {
      "file": "chunk-TRSI5L5E.js"
    },
    "chunk-YF56YQIY": {
      "file": "chunk-YF56YQIY.js"
    },
    "chunk-QOKRTG7E": {
      "file": "chunk-QOKRTG7E.js"
    }
  }
}