{
  "hash": "109e95a4",
  "configHash": "4d87195e",
  "lockfileHash": "511a0e3f",
  "browserHash": "f52dfa8e",
  "optimized": {
    "@angular/common": {
      "src": "../../../../../../node_modules/@angular/common/fesm2022/common.mjs",
      "file": "@angular_common.js",
      "fileHash": "4f94a10f",
      "needsInterop": false
    },
    "@angular/common/http": {
      "src": "../../../../../../node_modules/@angular/common/fesm2022/http.mjs",
      "file": "@angular_common_http.js",
      "fileHash": "abd2f1e9",
      "needsInterop": false
    },
    "@angular/core": {
      "src": "../../../../../../node_modules/@angular/core/fesm2022/core.mjs",
      "file": "@angular_core.js",
      "fileHash": "4accc3cb",
      "needsInterop": false
    },
    "@angular/platform-browser": {
      "src": "../../../../../../node_modules/@angular/platform-browser/fesm2022/platform-browser.mjs",
      "file": "@angular_platform-browser.js",
      "fileHash": "2128ade0",
      "needsInterop": false
    },
    "@angular/router": {
      "src": "../../../../../../node_modules/@angular/router/fesm2022/router.mjs",
      "file": "@angular_router.js",
      "fileHash": "15a4f4b0",
      "needsInterop": false
    }
  },
  "chunks": {
    "chunk-FWQPRHLS": {
      "file": "chunk-FWQPRHLS.js"
    },
    "chunk-DLRNNZL5": {
      "file": "chunk-DLRNNZL5.js"
    },
    "chunk-Q6HUPMZQ": {
      "file": "chunk-Q6HUPMZQ.js"
    },
    "chunk-Y532YLKL": {
      "file": "chunk-Y532YLKL.js"
    },
    "chunk-QOKRTG7E": {
      "file": "chunk-QOKRTG7E.js"
    }
  }
}