{
  "hash": "8ed7e2b1",
  "configHash": "d6142e91",
  "lockfileHash": "09663fac",
  "browserHash": "a703717a",
  "optimized": {
    "@angular/common": {
      "src": "../../../../../../node_modules/@angular/common/fesm2022/common.mjs",
      "file": "@angular_common.js",
      "fileHash": "e7da03d3",
      "needsInterop": false
    },
    "@angular/core": {
      "src": "../../../../../../node_modules/@angular/core/fesm2022/core.mjs",
      "file": "@angular_core.js",
      "fileHash": "3dc06b21",
      "needsInterop": false
    },
    "@angular/platform-browser": {
      "src": "../../../../../../node_modules/@angular/platform-browser/fesm2022/platform-browser.mjs",
      "file": "@angular_platform-browser.js",
      "fileHash": "54cebd0e",
      "needsInterop": false
    },
    "@angular/router": {
      "src": "../../../../../../node_modules/@angular/router/fesm2022/router.mjs",
      "file": "@angular_router.js",
      "fileHash": "3c3f6c39",
      "needsInterop": false
    }
  },
  "chunks": {
    "chunk-NGPT6DHR": {
      "file": "chunk-NGPT6DHR.js"
    },
    "chunk-NHVGEO6Z": {
      "file": "chunk-NHVGEO6Z.js"
    },
    "chunk-QOKRTG7E": {
      "file": "chunk-QOKRTG7E.js"
    }
  }
}