{
  "hash": "2e34b3a7",
  "configHash": "31bea191",
  "lockfileHash": "a7e8abfd",
  "browserHash": "679e8496",
  "optimized": {
    "@angular/core": {
      "src": "../../../../../../node_modules/@angular/core/fesm2022/core.mjs",
      "file": "@angular_core.js",
      "fileHash": "9e709d81",
      "needsInterop": false
    },
    "@angular/platform-browser": {
      "src": "../../../../../../node_modules/@angular/platform-browser/fesm2022/platform-browser.mjs",
      "file": "@angular_platform-browser.js",
      "fileHash": "f4346021",
      "needsInterop": false
    },
    "@angular/platform-server": {
      "src": "../../../../../../node_modules/@angular/platform-server/fesm2022/platform-server.mjs",
      "file": "@angular_platform-server.js",
      "fileHash": "73cf4456",
      "needsInterop": false
    },
    "@angular/router": {
      "src": "../../../../../../node_modules/@angular/router/fesm2022/router.mjs",
      "file": "@angular_router.js",
      "fileHash": "d6a731cf",
      "needsInterop": false
    },
    "@angular/ssr": {
      "src": "../../../../../../node_modules/@angular/ssr/fesm2022/ssr.mjs",
      "file": "@angular_ssr.js",
      "fileHash": "6689e403",
      "needsInterop": false
    },
    "@angular/ssr/node": {
      "src": "../../../../../../node_modules/@angular/ssr/fesm2022/node.mjs",
      "file": "@angular_ssr_node.js",
      "fileHash": "b7f053ca",
      "needsInterop": false
    },
    "express": {
      "src": "../../../../../../node_modules/express/index.js",
      "file": "express.js",
      "fileHash": "736625ea",
      "needsInterop": true
    }
  },
  "chunks": {
    "chunk-PZJQD3DY": {
      "file": "chunk-PZJQD3DY.js"
    },
    "chunk-UPFHAL4C": {
      "file": "chunk-UPFHAL4C.js"
    },
    "chunk-OFL322JG": {
      "file": "chunk-OFL322JG.js"
    },
    "chunk-QSC4MQ44": {
      "file": "chunk-QSC4MQ44.js"
    },
    "chunk-AT4BY72T": {
      "file": "chunk-AT4BY72T.js"
    },
    "xhr2-TXIMV6CV": {
      "file": "xhr2-TXIMV6CV.js"
    },
    "chunk-YHCV7DAQ": {
      "file": "chunk-YHCV7DAQ.js"
    }
  }
}