{
  "hash": "834dff3e",
  "configHash": "254f943e",
  "lockfileHash": "d430ad25",
  "browserHash": "a1a6bc81",
  "optimized": {
    "@angular/core": {
      "src": "../../../../../../node_modules/@angular/core/fesm2022/core.mjs",
      "file": "@angular_core.js",
      "fileHash": "cd81f996",
      "needsInterop": false
    },
    "@angular/platform-browser": {
      "src": "../../../../../../node_modules/@angular/platform-browser/fesm2022/platform-browser.mjs",
      "file": "@angular_platform-browser.js",
      "fileHash": "9e003a4a",
      "needsInterop": false
    },
    "@angular/router": {
      "src": "../../../../../../node_modules/@angular/router/fesm2022/router.mjs",
      "file": "@angular_router.js",
      "fileHash": "4fb2fb63",
      "needsInterop": false
    },
    "@angular/common": {
      "src": "../../../../../../node_modules/@angular/common/fesm2022/common.mjs",
      "file": "@angular_common.js",
      "fileHash": "7e3a2375",
      "needsInterop": false
    }
  },
  "chunks": {
    "chunk-NGPT6DHR": {
      "file": "chunk-NGPT6DHR.js"
    },
    "chunk-NHVGEO6Z": {
      "file": "chunk-NHVGEO6Z.js"
    },
    "chunk-QOKRTG7E": {
      "file": "chunk-QOKRTG7E.js"
    }
  }
}