{
  "hash": "ceb33773",
  "configHash": "9172d3a6",
  "lockfileHash": "a6092727",
  "browserHash": "f4799bdd",
  "optimized": {
    "@angular/common": {
      "src": "../../../../../../node_modules/@angular/common/fesm2022/common.mjs",
      "file": "@angular_common.js",
      "fileHash": "d487ab44",
      "needsInterop": false
    },
    "@angular/core": {
      "src": "../../../../../../node_modules/@angular/core/fesm2022/core.mjs",
      "file": "@angular_core.js",
      "fileHash": "6b1112f9",
      "needsInterop": false
    },
    "@angular/platform-browser": {
      "src": "../../../../../../node_modules/@angular/platform-browser/fesm2022/platform-browser.mjs",
      "file": "@angular_platform-browser.js",
      "fileHash": "e0ec80c9",
      "needsInterop": false
    },
    "@angular/router": {
      "src": "../../../../../../node_modules/@angular/router/fesm2022/router.mjs",
      "file": "@angular_router.js",
      "fileHash": "1611c634",
      "needsInterop": false
    }
  },
  "chunks": {
    "chunk-NGPT6DHR": {
      "file": "chunk-NGPT6DHR.js"
    },
    "chunk-NHVGEO6Z": {
      "file": "chunk-NHVGEO6Z.js"
    },
    "chunk-QOKRTG7E": {
      "file": "chunk-QOKRTG7E.js"
    }
  }
}